<?xml version="1.0" encoding="UTF-8"?>
<export version="E">
  <design>
    <source>C:\Users\umutb\OneDrive - Arizona State University\egr304\egr304-subsystem schematic design-sb\egr304-subsystem schematic design-sb.kicad_sch</source>
    <date>2025-11-02T16:59:59-0700</date>
    <tool>Eeschema 9.0.4</tool>
    <sheet number="1" name="/" tstamps="/">
      <title_block>
        <title>Control Hub For Team 205 Smart Light</title>
        <company>Sam Burns individual schematic</company>
        <rev>2</rev>
        <date>2025-10-22</date>
        <source>egr304-subsystem schematic design-sb.kicad_sch</source>
        <comment number="1" value=""/>
        <comment number="2" value=""/>
        <comment number="3" value=""/>
        <comment number="4" value=""/>
        <comment number="5" value=""/>
        <comment number="6" value=""/>
        <comment number="7" value=""/>
        <comment number="8" value=""/>
        <comment number="9" value=""/>
      </title_block>
    </sheet>
  </design>
  <components>
    <comp ref="C1">
      <value>.1uF</value>
      <datasheet>~</datasheet>
      <description>Unpolarized capacitor</description>
      <fields>
        <field name="Footprint"/>
        <field name="Datasheet">~</field>
        <field name="Description">Unpolarized capacitor</field>
      </fields>
      <libsource lib="Device" part="C" description="Unpolarized capacitor"/>
      <property name="Sheetname" value="Root"/>
      <property name="Sheetfile" value="egr304-subsystem schematic design-sb.kicad_sch"/>
      <property name="ki_keywords" value="cap capacitor"/>
      <property name="ki_fp_filters" value="C_*"/>
      <sheetpath names="/" tstamps="/"/>
      <tstamps>aebe8bec-7585-4b13-809b-e55b5b3f0571</tstamps>
    </comp>
    <comp ref="C3">
      <value>.33uF</value>
      <datasheet>~</datasheet>
      <description>Unpolarized capacitor</description>
      <fields>
        <field name="Footprint"/>
        <field name="Datasheet">~</field>
        <field name="Description">Unpolarized capacitor</field>
      </fields>
      <libsource lib="Device" part="C" description="Unpolarized capacitor"/>
      <property name="Sheetname" value="Root"/>
      <property name="Sheetfile" value="egr304-subsystem schematic design-sb.kicad_sch"/>
      <property name="ki_keywords" value="cap capacitor"/>
      <property name="ki_fp_filters" value="C_*"/>
      <sheetpath names="/" tstamps="/"/>
      <tstamps>8008d60b-edab-4a92-a47c-0b10bbc9782f</tstamps>
    </comp>
    <comp ref="C4">
      <value>.1uF</value>
      <datasheet>~</datasheet>
      <description>Unpolarized capacitor</description>
      <fields>
        <field name="Footprint"/>
        <field name="Datasheet">~</field>
        <field name="Description">Unpolarized capacitor</field>
      </fields>
      <libsource lib="Device" part="C" description="Unpolarized capacitor"/>
      <property name="Sheetname" value="Root"/>
      <property name="Sheetfile" value="egr304-subsystem schematic design-sb.kicad_sch"/>
      <property name="ki_keywords" value="cap capacitor"/>
      <property name="ki_fp_filters" value="C_*"/>
      <sheetpath names="/" tstamps="/"/>
      <tstamps>bcbf6adb-83d6-4848-8816-de358e75cff4</tstamps>
    </comp>
    <comp ref="curiosityNano(pic18f57q43)-SB1">
      <value>CN1</value>
      <fields>
        <field name="Footprint"/>
        <field name="Datasheet"/>
        <field name="Description"/>
      </fields>
      <libsource lib="CuriositNano_SB" part="curiosityNano_SB" description=""/>
      <property name="Sheetname" value="Root"/>
      <property name="Sheetfile" value="egr304-subsystem schematic design-sb.kicad_sch"/>
      <sheetpath names="/" tstamps="/"/>
      <tstamps>7d4a6243-0e72-4c4c-88e6-4315c67276ba</tstamps>
    </comp>
    <comp ref="D1">
      <value>LED</value>
      <datasheet>~</datasheet>
      <description>Light emitting diode</description>
      <fields>
        <field name="Sim.Pins">1=K 2=A</field>
        <field name="Footprint"/>
        <field name="Datasheet">~</field>
        <field name="Description">Light emitting diode</field>
      </fields>
      <libsource lib="Device" part="LED" description="Light emitting diode"/>
      <property name="Sim.Pins" value="1=K 2=A"/>
      <property name="Sheetname" value="Root"/>
      <property name="Sheetfile" value="egr304-subsystem schematic design-sb.kicad_sch"/>
      <property name="ki_keywords" value="LED diode"/>
      <property name="ki_fp_filters" value="LED* LED_SMD:* LED_THT:*"/>
      <sheetpath names="/" tstamps="/"/>
      <tstamps>6cd721e4-e44a-4b2d-b797-9fb58805ab15</tstamps>
    </comp>
    <comp ref="D2">
      <value>LED</value>
      <datasheet>~</datasheet>
      <description>Light emitting diode</description>
      <fields>
        <field name="Sim.Pins">1=K 2=A</field>
        <field name="Footprint"/>
        <field name="Datasheet">~</field>
        <field name="Description">Light emitting diode</field>
      </fields>
      <libsource lib="Device" part="LED" description="Light emitting diode"/>
      <property name="Sim.Pins" value="1=K 2=A"/>
      <property name="Sheetname" value="Root"/>
      <property name="Sheetfile" value="egr304-subsystem schematic design-sb.kicad_sch"/>
      <property name="ki_keywords" value="LED diode"/>
      <property name="ki_fp_filters" value="LED* LED_SMD:* LED_THT:*"/>
      <sheetpath names="/" tstamps="/"/>
      <tstamps>5852e424-9dc8-44e7-9c04-5ac747168703</tstamps>
    </comp>
    <comp ref="F1">
      <value>200mA</value>
      <datasheet>~</datasheet>
      <description>Fuse</description>
      <fields>
        <field name="Footprint"/>
        <field name="Datasheet">~</field>
        <field name="Description">Fuse</field>
      </fields>
      <libsource lib="Device" part="Fuse" description="Fuse"/>
      <property name="Sheetname" value="Root"/>
      <property name="Sheetfile" value="egr304-subsystem schematic design-sb.kicad_sch"/>
      <property name="ki_keywords" value="fuse"/>
      <property name="ki_fp_filters" value="*Fuse*"/>
      <sheetpath names="/" tstamps="/"/>
      <tstamps>37ac891d-4c62-4235-a6e2-5fd4396aef1e</tstamps>
    </comp>
    <comp ref="J1">
      <value>Conn_01x01 power</value>
      <datasheet>~</datasheet>
      <description>Generic connector, single row, 01x01, script generated (kicad-library-utils/schlib/autogen/connector/)</description>
      <fields>
        <field name="Footprint"/>
        <field name="Datasheet">~</field>
        <field name="Description">Generic connector, single row, 01x01, script generated (kicad-library-utils/schlib/autogen/connector/)</field>
      </fields>
      <libsource lib="Connector_Generic" part="Conn_01x01" description="Generic connector, single row, 01x01, script generated (kicad-library-utils/schlib/autogen/connector/)"/>
      <property name="Sheetname" value="Root"/>
      <property name="Sheetfile" value="egr304-subsystem schematic design-sb.kicad_sch"/>
      <property name="ki_keywords" value="connector"/>
      <property name="ki_fp_filters" value="Connector*:*_1x??_*"/>
      <sheetpath names="/" tstamps="/"/>
      <tstamps>f10da43e-6c9e-4974-bebc-a9d4ba18ab9e</tstamps>
    </comp>
    <comp ref="J2">
      <value>Barrel_Jack_Switch</value>
      <datasheet>~</datasheet>
      <description>DC Barrel Jack with an internal switch</description>
      <fields>
        <field name="Footprint"/>
        <field name="Datasheet">~</field>
        <field name="Description">DC Barrel Jack with an internal switch</field>
      </fields>
      <libsource lib="voltage regulator smbols" part="Barrel_Jack_Switch" description="DC Barrel Jack with an internal switch"/>
      <property name="Sheetname" value="Root"/>
      <property name="Sheetfile" value="egr304-subsystem schematic design-sb.kicad_sch"/>
      <property name="ki_keywords" value="DC power barrel jack connector"/>
      <property name="ki_fp_filters" value="BarrelJack*"/>
      <sheetpath names="/" tstamps="/"/>
      <tstamps>a17d3996-9ced-47f1-80b5-2a5cd51f3d62</tstamps>
    </comp>
    <comp ref="J4">
      <value>3 (Sound Board)</value>
      <datasheet>~</datasheet>
      <description>Generic connector, single row, 01x08, script generated (kicad-library-utils/schlib/autogen/connector/)</description>
      <fields>
        <field name="Footprint"/>
        <field name="Datasheet">~</field>
        <field name="Description">Generic connector, single row, 01x08, script generated (kicad-library-utils/schlib/autogen/connector/)</field>
      </fields>
      <libsource lib="Connector_Generic" part="Conn_01x08" description="Generic connector, single row, 01x08, script generated (kicad-library-utils/schlib/autogen/connector/)"/>
      <property name="Sheetname" value="Root"/>
      <property name="Sheetfile" value="egr304-subsystem schematic design-sb.kicad_sch"/>
      <property name="ki_keywords" value="connector"/>
      <property name="ki_fp_filters" value="Connector*:*_1x??_*"/>
      <sheetpath names="/" tstamps="/"/>
      <tstamps>421db9eb-3e39-4f55-943c-568a0a013ba9</tstamps>
    </comp>
    <comp ref="J6">
      <value>Conn_01x01 ground</value>
      <datasheet>~</datasheet>
      <description>Generic connector, single row, 01x01, script generated (kicad-library-utils/schlib/autogen/connector/)</description>
      <fields>
        <field name="Footprint"/>
        <field name="Datasheet">~</field>
        <field name="Description">Generic connector, single row, 01x01, script generated (kicad-library-utils/schlib/autogen/connector/)</field>
      </fields>
      <libsource lib="Connector_Generic" part="Conn_01x01" description="Generic connector, single row, 01x01, script generated (kicad-library-utils/schlib/autogen/connector/)"/>
      <property name="Sheetname" value="Root"/>
      <property name="Sheetfile" value="egr304-subsystem schematic design-sb.kicad_sch"/>
      <property name="ki_keywords" value="connector"/>
      <property name="ki_fp_filters" value="Connector*:*_1x??_*"/>
      <sheetpath names="/" tstamps="/"/>
      <tstamps>4b4d8704-fb1e-4594-95ff-2e83e7daeb8b</tstamps>
    </comp>
    <comp ref="J7">
      <value>Conn_01x01 power</value>
      <datasheet>~</datasheet>
      <description>Generic connector, single row, 01x01, script generated (kicad-library-utils/schlib/autogen/connector/)</description>
      <fields>
        <field name="Footprint"/>
        <field name="Datasheet">~</field>
        <field name="Description">Generic connector, single row, 01x01, script generated (kicad-library-utils/schlib/autogen/connector/)</field>
      </fields>
      <libsource lib="Connector_Generic" part="Conn_01x01" description="Generic connector, single row, 01x01, script generated (kicad-library-utils/schlib/autogen/connector/)"/>
      <property name="Sheetname" value="Root"/>
      <property name="Sheetfile" value="egr304-subsystem schematic design-sb.kicad_sch"/>
      <property name="ki_keywords" value="connector"/>
      <property name="ki_fp_filters" value="Connector*:*_1x??_*"/>
      <sheetpath names="/" tstamps="/"/>
      <tstamps>cfb3ef8c-59c3-4b96-8a1b-649b4062e591</tstamps>
    </comp>
    <comp ref="J9">
      <value>Conn_01x01 power</value>
      <datasheet>~</datasheet>
      <description>Generic connector, single row, 01x01, script generated (kicad-library-utils/schlib/autogen/connector/)</description>
      <fields>
        <field name="Footprint"/>
        <field name="Datasheet">~</field>
        <field name="Description">Generic connector, single row, 01x01, script generated (kicad-library-utils/schlib/autogen/connector/)</field>
      </fields>
      <libsource lib="Connector_Generic" part="Conn_01x01" description="Generic connector, single row, 01x01, script generated (kicad-library-utils/schlib/autogen/connector/)"/>
      <property name="Sheetname" value="Root"/>
      <property name="Sheetfile" value="egr304-subsystem schematic design-sb.kicad_sch"/>
      <property name="ki_keywords" value="connector"/>
      <property name="ki_fp_filters" value="Connector*:*_1x??_*"/>
      <sheetpath names="/" tstamps="/"/>
      <tstamps>ad38462d-4929-46a5-9328-d546f219f836</tstamps>
    </comp>
    <comp ref="J10">
      <value>1 (Motion Board)</value>
      <datasheet>~</datasheet>
      <description>Generic connector, single row, 01x08, script generated (kicad-library-utils/schlib/autogen/connector/)</description>
      <fields>
        <field name="Footprint"/>
        <field name="Datasheet">~</field>
        <field name="Description">Generic connector, single row, 01x08, script generated (kicad-library-utils/schlib/autogen/connector/)</field>
      </fields>
      <libsource lib="Connector_Generic" part="Conn_01x08" description="Generic connector, single row, 01x08, script generated (kicad-library-utils/schlib/autogen/connector/)"/>
      <property name="Sheetname" value="Root"/>
      <property name="Sheetfile" value="egr304-subsystem schematic design-sb.kicad_sch"/>
      <property name="ki_keywords" value="connector"/>
      <property name="ki_fp_filters" value="Connector*:*_1x??_*"/>
      <sheetpath names="/" tstamps="/"/>
      <tstamps>a3140d2b-5fff-49d7-b847-2698067f4662</tstamps>
    </comp>
    <comp ref="J11">
      <value>2 (Light Board)</value>
      <datasheet>~</datasheet>
      <description>Generic connector, single row, 01x08, script generated (kicad-library-utils/schlib/autogen/connector/)</description>
      <fields>
        <field name="Footprint"/>
        <field name="Datasheet">~</field>
        <field name="Description">Generic connector, single row, 01x08, script generated (kicad-library-utils/schlib/autogen/connector/)</field>
      </fields>
      <libsource lib="Connector_Generic" part="Conn_01x08" description="Generic connector, single row, 01x08, script generated (kicad-library-utils/schlib/autogen/connector/)"/>
      <property name="Sheetname" value="Root"/>
      <property name="Sheetfile" value="egr304-subsystem schematic design-sb.kicad_sch"/>
      <property name="ki_keywords" value="connector"/>
      <property name="ki_fp_filters" value="Connector*:*_1x??_*"/>
      <sheetpath names="/" tstamps="/"/>
      <tstamps>97887823-dae9-449e-a157-bbbe3a455f3c</tstamps>
    </comp>
    <comp ref="J12">
      <value>Conn_01x01 power</value>
      <datasheet>~</datasheet>
      <description>Generic connector, single row, 01x01, script generated (kicad-library-utils/schlib/autogen/connector/)</description>
      <fields>
        <field name="Footprint"/>
        <field name="Datasheet">~</field>
        <field name="Description">Generic connector, single row, 01x01, script generated (kicad-library-utils/schlib/autogen/connector/)</field>
      </fields>
      <libsource lib="Connector_Generic" part="Conn_01x01" description="Generic connector, single row, 01x01, script generated (kicad-library-utils/schlib/autogen/connector/)"/>
      <property name="Sheetname" value="Root"/>
      <property name="Sheetfile" value="egr304-subsystem schematic design-sb.kicad_sch"/>
      <property name="ki_keywords" value="connector"/>
      <property name="ki_fp_filters" value="Connector*:*_1x??_*"/>
      <sheetpath names="/" tstamps="/"/>
      <tstamps>1e8eb3fd-199b-4302-afc3-8968a99a9542</tstamps>
    </comp>
    <comp ref="J13">
      <value>Conn_01x01 power</value>
      <datasheet>~</datasheet>
      <description>Generic connector, single row, 01x01, script generated (kicad-library-utils/schlib/autogen/connector/)</description>
      <fields>
        <field name="Footprint"/>
        <field name="Datasheet">~</field>
        <field name="Description">Generic connector, single row, 01x01, script generated (kicad-library-utils/schlib/autogen/connector/)</field>
      </fields>
      <libsource lib="Connector_Generic" part="Conn_01x01" description="Generic connector, single row, 01x01, script generated (kicad-library-utils/schlib/autogen/connector/)"/>
      <property name="Sheetname" value="Root"/>
      <property name="Sheetfile" value="egr304-subsystem schematic design-sb.kicad_sch"/>
      <property name="ki_keywords" value="connector"/>
      <property name="ki_fp_filters" value="Connector*:*_1x??_*"/>
      <sheetpath names="/" tstamps="/"/>
      <tstamps>462a93af-eff7-4b94-b183-e73cbe4cab3d</tstamps>
    </comp>
    <comp ref="J14">
      <value>Conn_01x01 power</value>
      <datasheet>~</datasheet>
      <description>Generic connector, single row, 01x01, script generated (kicad-library-utils/schlib/autogen/connector/)</description>
      <fields>
        <field name="Footprint"/>
        <field name="Datasheet">~</field>
        <field name="Description">Generic connector, single row, 01x01, script generated (kicad-library-utils/schlib/autogen/connector/)</field>
      </fields>
      <libsource lib="Connector_Generic" part="Conn_01x01" description="Generic connector, single row, 01x01, script generated (kicad-library-utils/schlib/autogen/connector/)"/>
      <property name="Sheetname" value="Root"/>
      <property name="Sheetfile" value="egr304-subsystem schematic design-sb.kicad_sch"/>
      <property name="ki_keywords" value="connector"/>
      <property name="ki_fp_filters" value="Connector*:*_1x??_*"/>
      <sheetpath names="/" tstamps="/"/>
      <tstamps>03c0e2e8-94ba-4d02-ae45-d6d50b8b778d</tstamps>
    </comp>
    <comp ref="J15">
      <value>Conn_01x01 ground</value>
      <datasheet>~</datasheet>
      <description>Generic connector, single row, 01x01, script generated (kicad-library-utils/schlib/autogen/connector/)</description>
      <fields>
        <field name="Footprint"/>
        <field name="Datasheet">~</field>
        <field name="Description">Generic connector, single row, 01x01, script generated (kicad-library-utils/schlib/autogen/connector/)</field>
      </fields>
      <libsource lib="Connector_Generic" part="Conn_01x01" description="Generic connector, single row, 01x01, script generated (kicad-library-utils/schlib/autogen/connector/)"/>
      <property name="Sheetname" value="Root"/>
      <property name="Sheetfile" value="egr304-subsystem schematic design-sb.kicad_sch"/>
      <property name="ki_keywords" value="connector"/>
      <property name="ki_fp_filters" value="Connector*:*_1x??_*"/>
      <sheetpath names="/" tstamps="/"/>
      <tstamps>04d22020-aa24-488f-9d9d-6fed51d71403</tstamps>
    </comp>
    <comp ref="J16">
      <value>Conn_01x01 power</value>
      <datasheet>~</datasheet>
      <description>Generic connector, single row, 01x01, script generated (kicad-library-utils/schlib/autogen/connector/)</description>
      <fields>
        <field name="Footprint"/>
        <field name="Datasheet">~</field>
        <field name="Description">Generic connector, single row, 01x01, script generated (kicad-library-utils/schlib/autogen/connector/)</field>
      </fields>
      <libsource lib="Connector_Generic" part="Conn_01x01" description="Generic connector, single row, 01x01, script generated (kicad-library-utils/schlib/autogen/connector/)"/>
      <property name="Sheetname" value="Root"/>
      <property name="Sheetfile" value="egr304-subsystem schematic design-sb.kicad_sch"/>
      <property name="ki_keywords" value="connector"/>
      <property name="ki_fp_filters" value="Connector*:*_1x??_*"/>
      <sheetpath names="/" tstamps="/"/>
      <tstamps>44c5e5e3-0d79-4a5d-b0c6-dbf355032173</tstamps>
    </comp>
    <comp ref="J17">
      <value>Conn_01x01 power</value>
      <datasheet>~</datasheet>
      <description>Generic connector, single row, 01x01, script generated (kicad-library-utils/schlib/autogen/connector/)</description>
      <fields>
        <field name="Footprint"/>
        <field name="Datasheet">~</field>
        <field name="Description">Generic connector, single row, 01x01, script generated (kicad-library-utils/schlib/autogen/connector/)</field>
      </fields>
      <libsource lib="Connector_Generic" part="Conn_01x01" description="Generic connector, single row, 01x01, script generated (kicad-library-utils/schlib/autogen/connector/)"/>
      <property name="Sheetname" value="Root"/>
      <property name="Sheetfile" value="egr304-subsystem schematic design-sb.kicad_sch"/>
      <property name="ki_keywords" value="connector"/>
      <property name="ki_fp_filters" value="Connector*:*_1x??_*"/>
      <sheetpath names="/" tstamps="/"/>
      <tstamps>69db387d-8dd2-4346-8a6e-9f7827fdd474</tstamps>
    </comp>
    <comp ref="J18">
      <value>Conn_01x01 power</value>
      <datasheet>~</datasheet>
      <description>Generic connector, single row, 01x01, script generated (kicad-library-utils/schlib/autogen/connector/)</description>
      <fields>
        <field name="Footprint"/>
        <field name="Datasheet">~</field>
        <field name="Description">Generic connector, single row, 01x01, script generated (kicad-library-utils/schlib/autogen/connector/)</field>
      </fields>
      <libsource lib="Connector_Generic" part="Conn_01x01" description="Generic connector, single row, 01x01, script generated (kicad-library-utils/schlib/autogen/connector/)"/>
      <property name="Sheetname" value="Root"/>
      <property name="Sheetfile" value="egr304-subsystem schematic design-sb.kicad_sch"/>
      <property name="ki_keywords" value="connector"/>
      <property name="ki_fp_filters" value="Connector*:*_1x??_*"/>
      <sheetpath names="/" tstamps="/"/>
      <tstamps>c78695df-314d-4644-a3b0-9873c770e12b</tstamps>
    </comp>
    <comp ref="J19">
      <value>Conn_01x01 power</value>
      <datasheet>~</datasheet>
      <description>Generic connector, single row, 01x01, script generated (kicad-library-utils/schlib/autogen/connector/)</description>
      <fields>
        <field name="Footprint"/>
        <field name="Datasheet">~</field>
        <field name="Description">Generic connector, single row, 01x01, script generated (kicad-library-utils/schlib/autogen/connector/)</field>
      </fields>
      <libsource lib="Connector_Generic" part="Conn_01x01" description="Generic connector, single row, 01x01, script generated (kicad-library-utils/schlib/autogen/connector/)"/>
      <property name="Sheetname" value="Root"/>
      <property name="Sheetfile" value="egr304-subsystem schematic design-sb.kicad_sch"/>
      <property name="ki_keywords" value="connector"/>
      <property name="ki_fp_filters" value="Connector*:*_1x??_*"/>
      <sheetpath names="/" tstamps="/"/>
      <tstamps>279ed3a6-fbb3-489f-b775-f52a78202620</tstamps>
    </comp>
    <comp ref="J20">
      <value>Conn_01x01 power</value>
      <datasheet>~</datasheet>
      <description>Generic connector, single row, 01x01, script generated (kicad-library-utils/schlib/autogen/connector/)</description>
      <fields>
        <field name="Footprint"/>
        <field name="Datasheet">~</field>
        <field name="Description">Generic connector, single row, 01x01, script generated (kicad-library-utils/schlib/autogen/connector/)</field>
      </fields>
      <libsource lib="Connector_Generic" part="Conn_01x01" description="Generic connector, single row, 01x01, script generated (kicad-library-utils/schlib/autogen/connector/)"/>
      <property name="Sheetname" value="Root"/>
      <property name="Sheetfile" value="egr304-subsystem schematic design-sb.kicad_sch"/>
      <property name="ki_keywords" value="connector"/>
      <property name="ki_fp_filters" value="Connector*:*_1x??_*"/>
      <sheetpath names="/" tstamps="/"/>
      <tstamps>c7245434-6cde-4422-8c34-ea36231b92b6</tstamps>
    </comp>
    <comp ref="J21">
      <value>Conn_01x01 power</value>
      <datasheet>~</datasheet>
      <description>Generic connector, single row, 01x01, script generated (kicad-library-utils/schlib/autogen/connector/)</description>
      <fields>
        <field name="Footprint"/>
        <field name="Datasheet">~</field>
        <field name="Description">Generic connector, single row, 01x01, script generated (kicad-library-utils/schlib/autogen/connector/)</field>
      </fields>
      <libsource lib="Connector_Generic" part="Conn_01x01" description="Generic connector, single row, 01x01, script generated (kicad-library-utils/schlib/autogen/connector/)"/>
      <property name="Sheetname" value="Root"/>
      <property name="Sheetfile" value="egr304-subsystem schematic design-sb.kicad_sch"/>
      <property name="ki_keywords" value="connector"/>
      <property name="ki_fp_filters" value="Connector*:*_1x??_*"/>
      <sheetpath names="/" tstamps="/"/>
      <tstamps>b5509235-f578-43b1-9916-a7ce93ab9968</tstamps>
    </comp>
    <comp ref="J22">
      <value>Conn_01x01 power</value>
      <datasheet>~</datasheet>
      <description>Generic connector, single row, 01x01, script generated (kicad-library-utils/schlib/autogen/connector/)</description>
      <fields>
        <field name="Footprint"/>
        <field name="Datasheet">~</field>
        <field name="Description">Generic connector, single row, 01x01, script generated (kicad-library-utils/schlib/autogen/connector/)</field>
      </fields>
      <libsource lib="Connector_Generic" part="Conn_01x01" description="Generic connector, single row, 01x01, script generated (kicad-library-utils/schlib/autogen/connector/)"/>
      <property name="Sheetname" value="Root"/>
      <property name="Sheetfile" value="egr304-subsystem schematic design-sb.kicad_sch"/>
      <property name="ki_keywords" value="connector"/>
      <property name="ki_fp_filters" value="Connector*:*_1x??_*"/>
      <sheetpath names="/" tstamps="/"/>
      <tstamps>1e6adb46-f37f-40ff-bee6-4bb015aaafc0</tstamps>
    </comp>
    <comp ref="J23">
      <value>Conn_01x01 power</value>
      <datasheet>~</datasheet>
      <description>Generic connector, single row, 01x01, script generated (kicad-library-utils/schlib/autogen/connector/)</description>
      <fields>
        <field name="Footprint"/>
        <field name="Datasheet">~</field>
        <field name="Description">Generic connector, single row, 01x01, script generated (kicad-library-utils/schlib/autogen/connector/)</field>
      </fields>
      <libsource lib="Connector_Generic" part="Conn_01x01" description="Generic connector, single row, 01x01, script generated (kicad-library-utils/schlib/autogen/connector/)"/>
      <property name="Sheetname" value="Root"/>
      <property name="Sheetfile" value="egr304-subsystem schematic design-sb.kicad_sch"/>
      <property name="ki_keywords" value="connector"/>
      <property name="ki_fp_filters" value="Connector*:*_1x??_*"/>
      <sheetpath names="/" tstamps="/"/>
      <tstamps>5a9a9029-5bbd-44fb-8ad7-0021ee8d8d16</tstamps>
    </comp>
    <comp ref="J24">
      <value>Conn_01x01 power</value>
      <datasheet>~</datasheet>
      <description>Generic connector, single row, 01x01, script generated (kicad-library-utils/schlib/autogen/connector/)</description>
      <fields>
        <field name="Footprint"/>
        <field name="Datasheet">~</field>
        <field name="Description">Generic connector, single row, 01x01, script generated (kicad-library-utils/schlib/autogen/connector/)</field>
      </fields>
      <libsource lib="Connector_Generic" part="Conn_01x01" description="Generic connector, single row, 01x01, script generated (kicad-library-utils/schlib/autogen/connector/)"/>
      <property name="Sheetname" value="Root"/>
      <property name="Sheetfile" value="egr304-subsystem schematic design-sb.kicad_sch"/>
      <property name="ki_keywords" value="connector"/>
      <property name="ki_fp_filters" value="Connector*:*_1x??_*"/>
      <sheetpath names="/" tstamps="/"/>
      <tstamps>1842bfd6-2b10-4e3b-9c36-211f36e07fc4</tstamps>
    </comp>
    <comp ref="R1">
      <value>220</value>
      <datasheet>~</datasheet>
      <description>Resistor, US symbol</description>
      <fields>
        <field name="Footprint"/>
        <field name="Datasheet">~</field>
        <field name="Description">Resistor, US symbol</field>
      </fields>
      <libsource lib="Device" part="R_US" description="Resistor, US symbol"/>
      <property name="Sheetname" value="Root"/>
      <property name="Sheetfile" value="egr304-subsystem schematic design-sb.kicad_sch"/>
      <property name="ki_keywords" value="R res resistor"/>
      <property name="ki_fp_filters" value="R_*"/>
      <sheetpath names="/" tstamps="/"/>
      <tstamps>c65ce3c0-cf83-4639-bddf-20d730e12e71</tstamps>
    </comp>
    <comp ref="R2">
      <value>10K</value>
      <datasheet>~</datasheet>
      <description>Resistor, US symbol</description>
      <fields>
        <field name="Footprint"/>
        <field name="Datasheet">~</field>
        <field name="Description">Resistor, US symbol</field>
      </fields>
      <libsource lib="Device" part="R_US" description="Resistor, US symbol"/>
      <property name="Sheetname" value="Root"/>
      <property name="Sheetfile" value="egr304-subsystem schematic design-sb.kicad_sch"/>
      <property name="ki_keywords" value="R res resistor"/>
      <property name="ki_fp_filters" value="R_*"/>
      <sheetpath names="/" tstamps="/"/>
      <tstamps>c5e70ff1-63af-46b0-86b3-8e42e96e1564</tstamps>
    </comp>
    <comp ref="R4">
      <value>1k</value>
      <datasheet>~</datasheet>
      <description>Resistor, US symbol</description>
      <fields>
        <field name="Footprint"/>
        <field name="Datasheet">~</field>
        <field name="Description">Resistor, US symbol</field>
      </fields>
      <libsource lib="Device" part="R_US" description="Resistor, US symbol"/>
      <property name="Sheetname" value="Root"/>
      <property name="Sheetfile" value="egr304-subsystem schematic design-sb.kicad_sch"/>
      <property name="ki_keywords" value="R res resistor"/>
      <property name="ki_fp_filters" value="R_*"/>
      <sheetpath names="/" tstamps="/"/>
      <tstamps>8b0aae9e-29a8-442e-a33c-e01837651d9d</tstamps>
    </comp>
    <comp ref="R5">
      <value>10K</value>
      <datasheet>~</datasheet>
      <description>Resistor, US symbol</description>
      <fields>
        <field name="Footprint"/>
        <field name="Datasheet">~</field>
        <field name="Description">Resistor, US symbol</field>
      </fields>
      <libsource lib="Device" part="R_US" description="Resistor, US symbol"/>
      <property name="Sheetname" value="Root"/>
      <property name="Sheetfile" value="egr304-subsystem schematic design-sb.kicad_sch"/>
      <property name="ki_keywords" value="R res resistor"/>
      <property name="ki_fp_filters" value="R_*"/>
      <sheetpath names="/" tstamps="/"/>
      <tstamps>d1d49a17-470c-4a74-a37c-8b2431b19369</tstamps>
    </comp>
    <comp ref="R6">
      <value>10K</value>
      <datasheet>~</datasheet>
      <description>Resistor, US symbol</description>
      <fields>
        <field name="Footprint"/>
        <field name="Datasheet">~</field>
        <field name="Description">Resistor, US symbol</field>
      </fields>
      <libsource lib="Device" part="R_US" description="Resistor, US symbol"/>
      <property name="Sheetname" value="Root"/>
      <property name="Sheetfile" value="egr304-subsystem schematic design-sb.kicad_sch"/>
      <property name="ki_keywords" value="R res resistor"/>
      <property name="ki_fp_filters" value="R_*"/>
      <sheetpath names="/" tstamps="/"/>
      <tstamps>3c70b6d9-17d2-481e-a1e7-15b02ac1c280</tstamps>
    </comp>
    <comp ref="R8">
      <value>10K</value>
      <datasheet>~</datasheet>
      <description>Resistor, US symbol</description>
      <fields>
        <field name="Footprint"/>
        <field name="Datasheet">~</field>
        <field name="Description">Resistor, US symbol</field>
      </fields>
      <libsource lib="Device" part="R_US" description="Resistor, US symbol"/>
      <property name="Sheetname" value="Root"/>
      <property name="Sheetfile" value="egr304-subsystem schematic design-sb.kicad_sch"/>
      <property name="ki_keywords" value="R res resistor"/>
      <property name="ki_fp_filters" value="R_*"/>
      <sheetpath names="/" tstamps="/"/>
      <tstamps>b845109a-ee97-4b6b-be5d-f15068b2c85b</tstamps>
    </comp>
    <comp ref="R9">
      <value>10K</value>
      <datasheet>~</datasheet>
      <description>Resistor, US symbol</description>
      <fields>
        <field name="Footprint"/>
        <field name="Datasheet">~</field>
        <field name="Description">Resistor, US symbol</field>
      </fields>
      <libsource lib="Device" part="R_US" description="Resistor, US symbol"/>
      <property name="Sheetname" value="Root"/>
      <property name="Sheetfile" value="egr304-subsystem schematic design-sb.kicad_sch"/>
      <property name="ki_keywords" value="R res resistor"/>
      <property name="ki_fp_filters" value="R_*"/>
      <sheetpath names="/" tstamps="/"/>
      <tstamps>db2bf750-16e2-4db7-bac5-d6734e79cbb1</tstamps>
    </comp>
    <comp ref="R10">
      <value>10K</value>
      <datasheet>~</datasheet>
      <description>Resistor, US symbol</description>
      <fields>
        <field name="Footprint"/>
        <field name="Datasheet">~</field>
        <field name="Description">Resistor, US symbol</field>
      </fields>
      <libsource lib="Device" part="R_US" description="Resistor, US symbol"/>
      <property name="Sheetname" value="Root"/>
      <property name="Sheetfile" value="egr304-subsystem schematic design-sb.kicad_sch"/>
      <property name="ki_keywords" value="R res resistor"/>
      <property name="ki_fp_filters" value="R_*"/>
      <sheetpath names="/" tstamps="/"/>
      <tstamps>87db5d93-e6ce-4bfc-8c54-f26bf796410e</tstamps>
    </comp>
    <comp ref="R11">
      <value>220</value>
      <datasheet>~</datasheet>
      <description>Resistor, US symbol</description>
      <fields>
        <field name="Footprint"/>
        <field name="Datasheet">~</field>
        <field name="Description">Resistor, US symbol</field>
      </fields>
      <libsource lib="Device" part="R_US" description="Resistor, US symbol"/>
      <property name="Sheetname" value="Root"/>
      <property name="Sheetfile" value="egr304-subsystem schematic design-sb.kicad_sch"/>
      <property name="ki_keywords" value="R res resistor"/>
      <property name="ki_fp_filters" value="R_*"/>
      <sheetpath names="/" tstamps="/"/>
      <tstamps>3c40c461-04ee-4f3a-81dc-e15d95376751</tstamps>
    </comp>
    <comp ref="R14">
      <value>1K</value>
      <datasheet>~</datasheet>
      <description>Resistor, US symbol</description>
      <fields>
        <field name="Footprint"/>
        <field name="Datasheet">~</field>
        <field name="Description">Resistor, US symbol</field>
      </fields>
      <libsource lib="Device" part="R_US" description="Resistor, US symbol"/>
      <property name="Sheetname" value="Root"/>
      <property name="Sheetfile" value="egr304-subsystem schematic design-sb.kicad_sch"/>
      <property name="ki_keywords" value="R res resistor"/>
      <property name="ki_fp_filters" value="R_*"/>
      <sheetpath names="/" tstamps="/"/>
      <tstamps>f26f9c62-4271-4814-8689-f006f9365b0a</tstamps>
    </comp>
    <comp ref="RV1">
      <value>R_Potentiometer_US</value>
      <datasheet>~</datasheet>
      <description>Potentiometer, US symbol</description>
      <fields>
        <field name="Footprint"/>
        <field name="Datasheet">~</field>
        <field name="Description">Potentiometer, US symbol</field>
      </fields>
      <libsource lib="Device" part="R_Potentiometer_US" description="Potentiometer, US symbol"/>
      <property name="Sheetname" value="Root"/>
      <property name="Sheetfile" value="egr304-subsystem schematic design-sb.kicad_sch"/>
      <property name="ki_keywords" value="resistor variable"/>
      <property name="ki_fp_filters" value="Potentiometer*"/>
      <sheetpath names="/" tstamps="/"/>
      <tstamps>8ad98fe9-188a-4353-b598-c675942a2b15</tstamps>
    </comp>
    <comp ref="Sb-MCP1">
      <value>~</value>
      <footprint>MCP6004-sb:MCP6004-sb</footprint>
      <fields>
        <field name="Footprint">MCP6004-sb:MCP6004-sb</field>
        <field name="Datasheet"/>
        <field name="Description"/>
      </fields>
      <libsource lib="voltage regulator smbols" part="Op_amp-SB" description=""/>
      <property name="Sheetname" value="Root"/>
      <property name="Sheetfile" value="egr304-subsystem schematic design-sb.kicad_sch"/>
      <sheetpath names="/" tstamps="/"/>
      <tstamps>f6de97ef-1417-465c-b4fb-4010e85ef88e</tstamps>
    </comp>
    <comp ref="SW2">
      <value>SW_MODE</value>
      <datasheet>~</datasheet>
      <description>Double Pole Single Throw (DPST) Switch</description>
      <fields>
        <field name="Footprint"/>
        <field name="Datasheet">~</field>
        <field name="Description">Double Pole Single Throw (DPST) Switch</field>
      </fields>
      <libsource lib="Switch" part="SW_DPST" description="Double Pole Single Throw (DPST) Switch"/>
      <property name="Sheetname" value="Root"/>
      <property name="Sheetfile" value="egr304-subsystem schematic design-sb.kicad_sch"/>
      <property name="ki_keywords" value="switch dual double-pole single-throw OFF-ON"/>
      <sheetpath names="/" tstamps="/"/>
      <tstamps>55fc1340-78f6-469f-8912-37b4f070694f</tstamps>
    </comp>
    <comp ref="SW3">
      <value>SW_ON/OFF</value>
      <datasheet>~</datasheet>
      <description>Double Pole Single Throw (DPST) Switch</description>
      <fields>
        <field name="Footprint"/>
        <field name="Datasheet">~</field>
        <field name="Description">Double Pole Single Throw (DPST) Switch</field>
      </fields>
      <libsource lib="Switch" part="SW_DPST" description="Double Pole Single Throw (DPST) Switch"/>
      <property name="Sheetname" value="Root"/>
      <property name="Sheetfile" value="egr304-subsystem schematic design-sb.kicad_sch"/>
      <property name="ki_keywords" value="switch dual double-pole single-throw OFF-ON"/>
      <sheetpath names="/" tstamps="/"/>
      <tstamps>a7930662-07a8-4a80-ad01-90170b74a6af</tstamps>
    </comp>
    <comp ref="SW4">
      <value>SW_RESET</value>
      <datasheet>~</datasheet>
      <description>Double Pole Single Throw (DPST) Switch</description>
      <fields>
        <field name="Footprint"/>
        <field name="Datasheet">~</field>
        <field name="Description">Double Pole Single Throw (DPST) Switch</field>
      </fields>
      <libsource lib="Switch" part="SW_DPST" description="Double Pole Single Throw (DPST) Switch"/>
      <property name="Sheetname" value="Root"/>
      <property name="Sheetfile" value="egr304-subsystem schematic design-sb.kicad_sch"/>
      <property name="ki_keywords" value="switch dual double-pole single-throw OFF-ON"/>
      <sheetpath names="/" tstamps="/"/>
      <tstamps>f510ddae-c9e5-4370-ab24-d809c39bac96</tstamps>
    </comp>
    <comp ref="SW5">
      <value>SW_DEBUG</value>
      <datasheet>~</datasheet>
      <description>Double Pole Single Throw (DPST) Switch</description>
      <fields>
        <field name="Footprint"/>
        <field name="Datasheet">~</field>
        <field name="Description">Double Pole Single Throw (DPST) Switch</field>
      </fields>
      <libsource lib="Switch" part="SW_DPST" description="Double Pole Single Throw (DPST) Switch"/>
      <property name="Sheetname" value="Root"/>
      <property name="Sheetfile" value="egr304-subsystem schematic design-sb.kicad_sch"/>
      <property name="ki_keywords" value="switch dual double-pole single-throw OFF-ON"/>
      <sheetpath names="/" tstamps="/"/>
      <tstamps>f629ee15-3650-45db-8e71-be2c3e6b1d56</tstamps>
    </comp>
    <comp ref="U2">
      <value>LM7805_SEUB</value>
      <fields>
        <field name="Footprint"/>
        <field name="Datasheet"/>
        <field name="Description"/>
      </fields>
      <libsource lib="voltage regulator smbols" part="LM7805" description=""/>
      <property name="Sheetname" value="Root"/>
      <property name="Sheetfile" value="egr304-subsystem schematic design-sb.kicad_sch"/>
      <sheetpath names="/" tstamps="/"/>
      <tstamps>44e35995-32c6-4155-bd9c-2f92b0494f22</tstamps>
    </comp>
  </components>
  <libparts>
    <libpart lib="Connector_Generic" part="Conn_01x01">
      <description>Generic connector, single row, 01x01, script generated (kicad-library-utils/schlib/autogen/connector/)</description>
      <docs>~</docs>
      <footprints>
        <fp>Connector*:*_1x??_*</fp>
      </footprints>
      <fields>
        <field name="Reference">J</field>
        <field name="Value">Conn_01x01</field>
        <field name="Footprint"/>
        <field name="Datasheet">~</field>
        <field name="Description">Generic connector, single row, 01x01, script generated (kicad-library-utils/schlib/autogen/connector/)</field>
      </fields>
      <pins>
        <pin num="1" name="Pin_1" type="passive"/>
      </pins>
    </libpart>
    <libpart lib="Connector_Generic" part="Conn_01x08">
      <description>Generic connector, single row, 01x08, script generated (kicad-library-utils/schlib/autogen/connector/)</description>
      <docs>~</docs>
      <footprints>
        <fp>Connector*:*_1x??_*</fp>
      </footprints>
      <fields>
        <field name="Reference">J</field>
        <field name="Value">Conn_01x08</field>
        <field name="Footprint"/>
        <field name="Datasheet">~</field>
        <field name="Description">Generic connector, single row, 01x08, script generated (kicad-library-utils/schlib/autogen/connector/)</field>
      </fields>
      <pins>
        <pin num="1" name="Pin_1" type="passive"/>
        <pin num="2" name="Pin_2" type="passive"/>
        <pin num="3" name="Pin_3" type="passive"/>
        <pin num="4" name="Pin_4" type="passive"/>
        <pin num="5" name="Pin_5" type="passive"/>
        <pin num="6" name="Pin_6" type="passive"/>
        <pin num="7" name="Pin_7" type="passive"/>
        <pin num="8" name="Pin_8" type="passive"/>
      </pins>
    </libpart>
    <libpart lib="CuriositNano_SB" part="curiosityNano_SB">
      <fields>
        <field name="Reference">curiosityNano(pic18f57q43)-SB</field>
        <field name="Value">CN1</field>
        <field name="Footprint"/>
        <field name="Datasheet"/>
        <field name="Description"/>
      </fields>
      <pins>
        <pin num="1" name="NC" type="no_connect"/>
        <pin num="2" name="ID" type="input"/>
        <pin num="3" name="CDC_RX" type="bidirectional"/>
        <pin num="4" name="CDC_TX" type="bidirectional"/>
        <pin num="5" name="DBG1" type="bidirectional"/>
        <pin num="6" name="DBG2" type="bidirectional"/>
        <pin num="7" name="RC2" type="bidirectional"/>
        <pin num="8" name="RC3" type="bidirectional"/>
        <pin num="9" name="RB2" type="bidirectional"/>
        <pin num="10" name="RB1" type="bidirectional"/>
        <pin num="11" name="RC4" type="bidirectional"/>
        <pin num="12" name="RC5" type="bidirectional"/>
        <pin num="13" name="RC6" type="bidirectional"/>
        <pin num="14" name="RD4" type="bidirectional"/>
        <pin num="15" name="GRD" type="power_in"/>
        <pin num="16" name="RA3" type="bidirectional"/>
        <pin num="17" name="RA4" type="bidirectional"/>
        <pin num="18" name="RE2" type="bidirectional"/>
        <pin num="19" name="RC7" type="bidirectional"/>
        <pin num="20" name="RD0" type="bidirectional"/>
        <pin num="21" name="RD1" type="bidirectional"/>
        <pin num="22" name="RD2" type="bidirectional"/>
        <pin num="23" name="RD3" type="bidirectional"/>
        <pin num="24" name="GND" type="power_in"/>
        <pin num="25" name="RF0" type="bidirectional"/>
        <pin num="26" name="DF1" type="bidirectional"/>
        <pin num="27" name="DF2" type="bidirectional"/>
        <pin num="28" name="DF3" type="bidirectional"/>
        <pin num="29" name="RC0" type="bidirectional"/>
        <pin num="30" name="RC1" type="bidirectional"/>
        <pin num="31" name="RE0" type="bidirectional"/>
        <pin num="32" name="RE1" type="bidirectional"/>
        <pin num="33" name="GND" type="power_in"/>
        <pin num="34" name="RF4" type="bidirectional"/>
        <pin num="35" name="RF5" type="bidirectional"/>
        <pin num="36" name="RF6" type="bidirectional"/>
        <pin num="37" name="RF7" type="bidirectional"/>
        <pin num="38" name="RB5" type="bidirectional"/>
        <pin num="39" name="RD5" type="bidirectional"/>
        <pin num="40" name="RD6" type="bidirectional"/>
        <pin num="41" name="RD7" type="bidirectional"/>
        <pin num="42" name="GND" type="power_in"/>
        <pin num="43" name="RA0" type="bidirectional"/>
        <pin num="44" name="RA1" type="bidirectional"/>
        <pin num="45" name="RA2" type="bidirectional"/>
        <pin num="46" name="RB0" type="bidirectional"/>
        <pin num="47" name="RB3" type="bidirectional"/>
        <pin num="48" name="RA5" type="bidirectional"/>
        <pin num="49" name="RA6" type="bidirectional"/>
        <pin num="50" name="RA7" type="bidirectional"/>
        <pin num="51" name="VTG" type="power_in"/>
        <pin num="52" name="GND" type="power_in"/>
        <pin num="53" name="DBG0" type="bidirectional"/>
        <pin num="54" name="DBG3" type="bidirectional"/>
        <pin num="55" name="VOFF" type="input"/>
        <pin num="56" name="VBUS" type="power_out"/>
      </pins>
    </libpart>
    <libpart lib="Device" part="C">
      <description>Unpolarized capacitor</description>
      <docs>~</docs>
      <footprints>
        <fp>C_*</fp>
      </footprints>
      <fields>
        <field name="Reference">C</field>
        <field name="Value">C</field>
        <field name="Footprint"/>
        <field name="Datasheet">~</field>
        <field name="Description">Unpolarized capacitor</field>
      </fields>
      <pins>
        <pin num="1" name="" type="passive"/>
        <pin num="2" name="" type="passive"/>
      </pins>
    </libpart>
    <libpart lib="Device" part="Fuse">
      <description>Fuse</description>
      <docs>~</docs>
      <footprints>
        <fp>*Fuse*</fp>
      </footprints>
      <fields>
        <field name="Reference">F</field>
        <field name="Value">Fuse</field>
        <field name="Footprint"/>
        <field name="Datasheet">~</field>
        <field name="Description">Fuse</field>
      </fields>
      <pins>
        <pin num="1" name="" type="passive"/>
        <pin num="2" name="" type="passive"/>
      </pins>
    </libpart>
    <libpart lib="Device" part="LED">
      <description>Light emitting diode</description>
      <docs>~</docs>
      <footprints>
        <fp>LED*</fp>
        <fp>LED_SMD:*</fp>
        <fp>LED_THT:*</fp>
      </footprints>
      <fields>
        <field name="Reference">D</field>
        <field name="Value">LED</field>
        <field name="Footprint"/>
        <field name="Datasheet">~</field>
        <field name="Description">Light emitting diode</field>
        <field name="Sim.Pins">1=K 2=A</field>
      </fields>
      <pins>
        <pin num="1" name="K" type="passive"/>
        <pin num="2" name="A" type="passive"/>
      </pins>
    </libpart>
    <libpart lib="Device" part="R_Potentiometer_US">
      <description>Potentiometer, US symbol</description>
      <docs>~</docs>
      <footprints>
        <fp>Potentiometer*</fp>
      </footprints>
      <fields>
        <field name="Reference">RV</field>
        <field name="Value">R_Potentiometer_US</field>
        <field name="Footprint"/>
        <field name="Datasheet">~</field>
        <field name="Description">Potentiometer, US symbol</field>
      </fields>
      <pins>
        <pin num="1" name="1" type="passive"/>
        <pin num="2" name="2" type="passive"/>
        <pin num="3" name="3" type="passive"/>
      </pins>
    </libpart>
    <libpart lib="Device" part="R_US">
      <description>Resistor, US symbol</description>
      <docs>~</docs>
      <footprints>
        <fp>R_*</fp>
      </footprints>
      <fields>
        <field name="Reference">R</field>
        <field name="Value">R_US</field>
        <field name="Footprint"/>
        <field name="Datasheet">~</field>
        <field name="Description">Resistor, US symbol</field>
      </fields>
      <pins>
        <pin num="1" name="" type="passive"/>
        <pin num="2" name="" type="passive"/>
      </pins>
    </libpart>
    <libpart lib="Switch" part="SW_DPST">
      <description>Double Pole Single Throw (DPST) Switch</description>
      <docs>~</docs>
      <fields>
        <field name="Reference">SW</field>
        <field name="Value">SW_DPST</field>
        <field name="Footprint"/>
        <field name="Datasheet">~</field>
        <field name="Description">Double Pole Single Throw (DPST) Switch</field>
      </fields>
      <pins>
        <pin num="1" name="1" type="passive"/>
        <pin num="2" name="2" type="passive"/>
        <pin num="3" name="3" type="passive"/>
        <pin num="4" name="4" type="passive"/>
      </pins>
    </libpart>
    <libpart lib="voltage regulator smbols" part="Barrel_Jack_Switch">
      <description>DC Barrel Jack with an internal switch</description>
      <docs>~</docs>
      <footprints>
        <fp>BarrelJack*</fp>
      </footprints>
      <fields>
        <field name="Reference">J2</field>
        <field name="Value">Barrel_Jack_Switch</field>
        <field name="Footprint"/>
        <field name="Datasheet">~</field>
        <field name="Description">DC Barrel Jack with an internal switch</field>
      </fields>
      <pins>
        <pin num="1" name="" type="power_out"/>
        <pin num="2" name="" type="power_out"/>
        <pin num="3" name="" type="power_out"/>
      </pins>
    </libpart>
    <libpart lib="voltage regulator smbols" part="LM7805">
      <fields>
        <field name="Reference">U2</field>
        <field name="Value">LM7805_SEUB</field>
        <field name="Footprint"/>
        <field name="Datasheet"/>
        <field name="Description"/>
      </fields>
      <pins>
        <pin num="1" name="input" type="power_in"/>
        <pin num="2" name="ground" type="power_in"/>
        <pin num="3" name="output" type="power_out"/>
      </pins>
    </libpart>
    <libpart lib="voltage regulator smbols" part="Op_amp-SB">
      <fields>
        <field name="Reference">Sb-MCP1</field>
        <field name="Value">~</field>
        <field name="Footprint">MCP6004-sb:MCP6004-sb</field>
        <field name="Datasheet"/>
        <field name="Description"/>
      </fields>
      <pins>
        <pin num="1" name="VoutA" type="output"/>
        <pin num="2" name="VinA-" type="input"/>
        <pin num="3" name="VinA+" type="input"/>
        <pin num="4" name="VDD" type="power_in"/>
        <pin num="5" name="VinB+" type="input"/>
        <pin num="6" name="VinB-" type="input"/>
        <pin num="7" name="VoutB" type="output"/>
        <pin num="8" name="VoutC" type="output"/>
        <pin num="9" name="VinC-" type="input"/>
        <pin num="10" name="VinC+" type="input"/>
        <pin num="11" name="VSS" type="power_in"/>
        <pin num="12" name="VinD+" type="input"/>
        <pin num="13" name="VinD-" type="input"/>
        <pin num="14" name="VoutD" type="output"/>
      </pins>
    </libpart>
  </libparts>
  <libraries>
    <library logical="Connector_Generic">
      <uri>C:\Program Files\KiCad\9.0\share\kicad\symbols\/Connector_Generic.kicad_sym</uri>
    </library>
    <library logical="CuriositNano_SB">
      <uri>C:/Users/umutb/OneDrive - Arizona State University/egr304/egr304-subsystem schematic design-sb/CuriositNano_SB.kicad_sym</uri>
    </library>
    <library logical="Device">
      <uri>C:\Program Files\KiCad\9.0\share\kicad\symbols\/Device.kicad_sym</uri>
    </library>
    <library logical="Switch">
      <uri>C:\Program Files\KiCad\9.0\share\kicad\symbols\/Switch.kicad_sym</uri>
    </library>
    <library logical="voltage regulator smbols">
      <uri>C:\Users\umutb\OneDrive - Arizona State University\egr304\egr304-subsystem schematic design-sb/voltage regulator smbols.kicad_sym</uri>
    </library>
  </libraries>
  <nets>
    <net code="1" name="+5V" class="Default">
      <node ref="C4" pin="1" pintype="passive"/>
      <node ref="J1" pin="1" pinfunction="Pin_1" pintype="passive"/>
      <node ref="J24" pin="1" pinfunction="Pin_1" pintype="passive"/>
      <node ref="J7" pin="1" pinfunction="Pin_1" pintype="passive"/>
      <node ref="R14" pin="1" pintype="passive"/>
      <node ref="R6" pin="1" pintype="passive"/>
      <node ref="SW2" pin="1" pinfunction="1" pintype="passive"/>
      <node ref="SW2" pin="3" pinfunction="3" pintype="passive"/>
      <node ref="SW3" pin="1" pinfunction="1" pintype="passive"/>
      <node ref="SW3" pin="3" pinfunction="3" pintype="passive"/>
      <node ref="SW4" pin="1" pinfunction="1" pintype="passive"/>
      <node ref="SW4" pin="3" pinfunction="3" pintype="passive"/>
      <node ref="SW5" pin="2" pinfunction="2" pintype="passive"/>
      <node ref="SW5" pin="4" pinfunction="4" pintype="passive"/>
      <node ref="Sb-MCP1" pin="3" pinfunction="VinA+" pintype="input"/>
      <node ref="Sb-MCP1" pin="4" pinfunction="VDD" pintype="power_in"/>
      <node ref="U2" pin="3" pinfunction="output" pintype="power_out"/>
    </net>
    <net code="2" name="/BRIGHTNESS" class="Default">
      <node ref="R1" pin="1" pintype="passive"/>
      <node ref="RV1" pin="2" pinfunction="2" pintype="passive"/>
      <node ref="Sb-MCP1" pin="7" pinfunction="VoutB" pintype="output"/>
      <node ref="curiosityNano(pic18f57q43)-SB1" pin="43" pinfunction="RA0" pintype="bidirectional"/>
    </net>
    <net code="3" name="/MODE" class="Default">
      <node ref="J13" pin="1" pinfunction="Pin_1" pintype="passive"/>
      <node ref="R9" pin="1" pintype="passive"/>
      <node ref="SW2" pin="2" pinfunction="2" pintype="passive"/>
      <node ref="SW2" pin="4" pinfunction="4" pintype="passive"/>
      <node ref="curiosityNano(pic18f57q43)-SB1" pin="22" pinfunction="RD2" pintype="bidirectional"/>
    </net>
    <net code="4" name="/ON/OFF" class="Default">
      <node ref="J12" pin="1" pinfunction="Pin_1" pintype="passive"/>
      <node ref="R8" pin="1" pintype="passive"/>
      <node ref="SW3" pin="2" pinfunction="2" pintype="passive"/>
      <node ref="SW3" pin="4" pinfunction="4" pintype="passive"/>
      <node ref="curiosityNano(pic18f57q43)-SB1" pin="21" pinfunction="RD1" pintype="bidirectional"/>
    </net>
    <net code="5" name="/Power 1" class="Default">
      <node ref="C1" pin="1" pintype="passive"/>
      <node ref="J10" pin="7" pinfunction="Pin_7" pintype="passive"/>
      <node ref="J11" pin="7" pinfunction="Pin_7" pintype="passive"/>
      <node ref="J17" pin="1" pinfunction="Pin_1" pintype="passive"/>
      <node ref="J4" pin="7" pinfunction="Pin_7" pintype="passive"/>
      <node ref="curiosityNano(pic18f57q43)-SB1" pin="51" pinfunction="VTG" pintype="power_in"/>
    </net>
    <net code="6" name="/RESET" class="Default">
      <node ref="J14" pin="1" pinfunction="Pin_1" pintype="passive"/>
      <node ref="R10" pin="1" pintype="passive"/>
      <node ref="SW4" pin="2" pinfunction="2" pintype="passive"/>
      <node ref="SW4" pin="4" pinfunction="4" pintype="passive"/>
      <node ref="curiosityNano(pic18f57q43)-SB1" pin="23" pinfunction="RD3" pintype="bidirectional"/>
    </net>
    <net code="7" name="/Vref" class="Default">
      <node ref="R5" pin="1" pintype="passive"/>
      <node ref="R6" pin="2" pintype="passive"/>
      <node ref="Sb-MCP1" pin="5" pinfunction="VinB+" pintype="input"/>
    </net>
    <net code="8" name="GNDREF" class="Default">
      <node ref="C1" pin="2" pintype="passive"/>
      <node ref="C3" pin="2" pintype="passive"/>
      <node ref="C4" pin="2" pintype="passive"/>
      <node ref="D1" pin="1" pinfunction="K" pintype="passive"/>
      <node ref="D2" pin="1" pinfunction="K" pintype="passive"/>
      <node ref="J10" pin="8" pinfunction="Pin_8" pintype="passive"/>
      <node ref="J11" pin="8" pinfunction="Pin_8" pintype="passive"/>
      <node ref="J15" pin="1" pinfunction="Pin_1" pintype="passive"/>
      <node ref="J2" pin="2" pintype="power_out"/>
      <node ref="J4" pin="8" pinfunction="Pin_8" pintype="passive"/>
      <node ref="J6" pin="1" pinfunction="Pin_1" pintype="passive"/>
      <node ref="J9" pin="1" pinfunction="Pin_1" pintype="passive"/>
      <node ref="R10" pin="2" pintype="passive"/>
      <node ref="R14" pin="2" pintype="passive"/>
      <node ref="R2" pin="1" pintype="passive"/>
      <node ref="R5" pin="2" pintype="passive"/>
      <node ref="R8" pin="2" pintype="passive"/>
      <node ref="R9" pin="2" pintype="passive"/>
      <node ref="RV1" pin="3" pinfunction="3" pintype="passive"/>
      <node ref="Sb-MCP1" pin="11" pinfunction="VSS" pintype="power_in"/>
      <node ref="U2" pin="2" pinfunction="ground" pintype="power_in"/>
      <node ref="curiosityNano(pic18f57q43)-SB1" pin="15" pinfunction="GRD" pintype="power_in"/>
      <node ref="curiosityNano(pic18f57q43)-SB1" pin="24" pinfunction="GND" pintype="power_in"/>
      <node ref="curiosityNano(pic18f57q43)-SB1" pin="33" pinfunction="GND" pintype="power_in"/>
      <node ref="curiosityNano(pic18f57q43)-SB1" pin="42" pinfunction="GND" pintype="power_in"/>
      <node ref="curiosityNano(pic18f57q43)-SB1" pin="55" pinfunction="VOFF" pintype="input"/>
    </net>
    <net code="9" name="Net-(D1-A)" class="Default">
      <node ref="D1" pin="2" pinfunction="A" pintype="passive"/>
      <node ref="R11" pin="1" pintype="passive"/>
    </net>
    <net code="10" name="Net-(D2-A)" class="Default">
      <node ref="D2" pin="2" pinfunction="A" pintype="passive"/>
      <node ref="R1" pin="2" pintype="passive"/>
    </net>
    <net code="11" name="Net-(J4-Pin_6)" class="Default">
      <node ref="J4" pin="6" pinfunction="Pin_6" pintype="passive"/>
      <node ref="curiosityNano(pic18f57q43)-SB1" pin="45" pinfunction="RA2" pintype="bidirectional"/>
    </net>
    <net code="12" name="Net-(J10-Pin_5)" class="Default">
      <node ref="J10" pin="5" pinfunction="Pin_5" pintype="passive"/>
      <node ref="curiosityNano(pic18f57q43)-SB1" pin="46" pinfunction="RB0" pintype="bidirectional"/>
    </net>
    <net code="13" name="Net-(J11-Pin_1)" class="Default">
      <node ref="J11" pin="1" pinfunction="Pin_1" pintype="passive"/>
      <node ref="curiosityNano(pic18f57q43)-SB1" pin="36" pinfunction="RF6" pintype="bidirectional"/>
    </net>
    <net code="14" name="Net-(J11-Pin_2)" class="Default">
      <node ref="J11" pin="2" pinfunction="Pin_2" pintype="passive"/>
      <node ref="curiosityNano(pic18f57q43)-SB1" pin="37" pinfunction="RF7" pintype="bidirectional"/>
    </net>
    <net code="15" name="Net-(J11-Pin_6)" class="Default">
      <node ref="J11" pin="6" pinfunction="Pin_6" pintype="passive"/>
      <node ref="curiosityNano(pic18f57q43)-SB1" pin="44" pinfunction="RA1" pintype="bidirectional"/>
    </net>
    <net code="16" name="Net-(J16-Pin_1)" class="Default">
      <node ref="C3" pin="1" pintype="passive"/>
      <node ref="F1" pin="1" pintype="passive"/>
      <node ref="J16" pin="1" pinfunction="Pin_1" pintype="passive"/>
      <node ref="J2" pin="1" pintype="power_out"/>
    </net>
    <net code="17" name="Net-(J18-Pin_1)" class="Default">
      <node ref="J18" pin="1" pinfunction="Pin_1" pintype="passive"/>
      <node ref="curiosityNano(pic18f57q43)-SB1" pin="9" pinfunction="RB2" pintype="bidirectional"/>
    </net>
    <net code="18" name="Net-(J19-Pin_1)" class="Default">
      <node ref="J19" pin="1" pinfunction="Pin_1" pintype="passive"/>
      <node ref="curiosityNano(pic18f57q43)-SB1" pin="8" pinfunction="RC3" pintype="bidirectional"/>
    </net>
    <net code="19" name="Net-(J20-Pin_1)" class="Default">
      <node ref="J20" pin="1" pinfunction="Pin_1" pintype="passive"/>
      <node ref="curiosityNano(pic18f57q43)-SB1" pin="47" pinfunction="RB3" pintype="bidirectional"/>
    </net>
    <net code="20" name="Net-(J21-Pin_1)" class="Default">
      <node ref="J21" pin="1" pinfunction="Pin_1" pintype="passive"/>
      <node ref="curiosityNano(pic18f57q43)-SB1" pin="49" pinfunction="RA6" pintype="bidirectional"/>
    </net>
    <net code="21" name="Net-(J22-Pin_1)" class="Default">
      <node ref="J22" pin="1" pinfunction="Pin_1" pintype="passive"/>
      <node ref="curiosityNano(pic18f57q43)-SB1" pin="48" pinfunction="RA5" pintype="bidirectional"/>
    </net>
    <net code="22" name="Net-(J23-Pin_1)" class="Default">
      <node ref="J23" pin="1" pinfunction="Pin_1" pintype="passive"/>
      <node ref="curiosityNano(pic18f57q43)-SB1" pin="10" pinfunction="RB1" pintype="bidirectional"/>
    </net>
    <net code="23" name="Net-(Sb-MCP1-VinA-)" class="Default">
      <node ref="R4" pin="2" pintype="passive"/>
      <node ref="Sb-MCP1" pin="1" pinfunction="VoutA" pintype="output"/>
      <node ref="Sb-MCP1" pin="2" pinfunction="VinA-" pintype="input"/>
    </net>
    <net code="24" name="Net-(Sb-MCP1-VinB-)" class="Default">
      <node ref="R4" pin="1" pintype="passive"/>
      <node ref="RV1" pin="1" pinfunction="1" pintype="passive"/>
      <node ref="Sb-MCP1" pin="6" pinfunction="VinB-" pintype="input"/>
    </net>
    <net code="25" name="Net-(U2-input)" class="Default">
      <node ref="F1" pin="2" pintype="passive"/>
      <node ref="U2" pin="1" pinfunction="input" pintype="power_in"/>
    </net>
    <net code="26" name="Net-(curiosityNano(pic18f57q43)-SB1-DF3)" class="Default">
      <node ref="R11" pin="2" pintype="passive"/>
      <node ref="curiosityNano(pic18f57q43)-SB1" pin="28" pinfunction="DF3" pintype="bidirectional"/>
    </net>
    <net code="27" name="Net-(curiosityNano(pic18f57q43)-SB1-RF4)" class="Default">
      <node ref="R2" pin="2" pintype="passive"/>
      <node ref="SW5" pin="1" pinfunction="1" pintype="passive"/>
      <node ref="SW5" pin="3" pinfunction="3" pintype="passive"/>
      <node ref="curiosityNano(pic18f57q43)-SB1" pin="34" pinfunction="RF4" pintype="bidirectional"/>
    </net>
    <net code="28" name="unconnected-(J2-Pad3)" class="Default">
      <node ref="J2" pin="3" pintype="power_out+no_connect"/>
    </net>
    <net code="29" name="unconnected-(J4-Pin_1-Pad1)" class="Default">
      <node ref="J4" pin="1" pinfunction="Pin_1" pintype="passive+no_connect"/>
    </net>
    <net code="30" name="unconnected-(J4-Pin_2-Pad2)" class="Default">
      <node ref="J4" pin="2" pinfunction="Pin_2" pintype="passive+no_connect"/>
    </net>
    <net code="31" name="unconnected-(J4-Pin_3-Pad3)" class="Default">
      <node ref="J4" pin="3" pinfunction="Pin_3" pintype="passive+no_connect"/>
    </net>
    <net code="32" name="unconnected-(J4-Pin_4-Pad4)" class="Default">
      <node ref="J4" pin="4" pinfunction="Pin_4" pintype="passive+no_connect"/>
    </net>
    <net code="33" name="unconnected-(J4-Pin_5-Pad5)" class="Default">
      <node ref="J4" pin="5" pinfunction="Pin_5" pintype="passive+no_connect"/>
    </net>
    <net code="34" name="unconnected-(J10-Pin_1-Pad1)" class="Default">
      <node ref="J10" pin="1" pinfunction="Pin_1" pintype="passive+no_connect"/>
    </net>
    <net code="35" name="unconnected-(J10-Pin_2-Pad2)" class="Default">
      <node ref="J10" pin="2" pinfunction="Pin_2" pintype="passive+no_connect"/>
    </net>
    <net code="36" name="unconnected-(J10-Pin_3-Pad3)" class="Default">
      <node ref="J10" pin="3" pinfunction="Pin_3" pintype="passive+no_connect"/>
    </net>
    <net code="37" name="unconnected-(J10-Pin_4-Pad4)" class="Default">
      <node ref="J10" pin="4" pinfunction="Pin_4" pintype="passive+no_connect"/>
    </net>
    <net code="38" name="unconnected-(J10-Pin_6-Pad6)" class="Default">
      <node ref="J10" pin="6" pinfunction="Pin_6" pintype="passive+no_connect"/>
    </net>
    <net code="39" name="unconnected-(J11-Pin_3-Pad3)" class="Default">
      <node ref="J11" pin="3" pinfunction="Pin_3" pintype="passive+no_connect"/>
    </net>
    <net code="40" name="unconnected-(J11-Pin_4-Pad4)" class="Default">
      <node ref="J11" pin="4" pinfunction="Pin_4" pintype="passive+no_connect"/>
    </net>
    <net code="41" name="unconnected-(J11-Pin_5-Pad5)" class="Default">
      <node ref="J11" pin="5" pinfunction="Pin_5" pintype="passive+no_connect"/>
    </net>
    <net code="42" name="unconnected-(Sb-MCP1-VinC+-Pad10)" class="Default">
      <node ref="Sb-MCP1" pin="10" pinfunction="VinC+" pintype="input+no_connect"/>
    </net>
    <net code="43" name="unconnected-(Sb-MCP1-VinC--Pad9)" class="Default">
      <node ref="Sb-MCP1" pin="9" pinfunction="VinC-" pintype="input+no_connect"/>
    </net>
    <net code="44" name="unconnected-(Sb-MCP1-VinD+-Pad12)" class="Default">
      <node ref="Sb-MCP1" pin="12" pinfunction="VinD+" pintype="input+no_connect"/>
    </net>
    <net code="45" name="unconnected-(Sb-MCP1-VinD--Pad13)" class="Default">
      <node ref="Sb-MCP1" pin="13" pinfunction="VinD-" pintype="input+no_connect"/>
    </net>
    <net code="46" name="unconnected-(Sb-MCP1-VoutC-Pad8)" class="Default">
      <node ref="Sb-MCP1" pin="8" pinfunction="VoutC" pintype="output+no_connect"/>
    </net>
    <net code="47" name="unconnected-(Sb-MCP1-VoutD-Pad14)" class="Default">
      <node ref="Sb-MCP1" pin="14" pinfunction="VoutD" pintype="output+no_connect"/>
    </net>
    <net code="48" name="unconnected-(curiosityNano(pic18f57q43)-SB1-CDC_RX-Pad3)" class="Default">
      <node ref="curiosityNano(pic18f57q43)-SB1" pin="3" pinfunction="CDC_RX" pintype="bidirectional+no_connect"/>
    </net>
    <net code="49" name="unconnected-(curiosityNano(pic18f57q43)-SB1-CDC_TX-Pad4)" class="Default">
      <node ref="curiosityNano(pic18f57q43)-SB1" pin="4" pinfunction="CDC_TX" pintype="bidirectional+no_connect"/>
    </net>
    <net code="50" name="unconnected-(curiosityNano(pic18f57q43)-SB1-DBG0-Pad53)" class="Default">
      <node ref="curiosityNano(pic18f57q43)-SB1" pin="53" pinfunction="DBG0" pintype="bidirectional+no_connect"/>
    </net>
    <net code="51" name="unconnected-(curiosityNano(pic18f57q43)-SB1-DBG1-Pad5)" class="Default">
      <node ref="curiosityNano(pic18f57q43)-SB1" pin="5" pinfunction="DBG1" pintype="bidirectional+no_connect"/>
    </net>
    <net code="52" name="unconnected-(curiosityNano(pic18f57q43)-SB1-DBG2-Pad6)" class="Default">
      <node ref="curiosityNano(pic18f57q43)-SB1" pin="6" pinfunction="DBG2" pintype="bidirectional+no_connect"/>
    </net>
    <net code="53" name="unconnected-(curiosityNano(pic18f57q43)-SB1-DBG3-Pad54)" class="Default">
      <node ref="curiosityNano(pic18f57q43)-SB1" pin="54" pinfunction="DBG3" pintype="bidirectional+no_connect"/>
    </net>
    <net code="54" name="unconnected-(curiosityNano(pic18f57q43)-SB1-DF1-Pad26)" class="Default">
      <node ref="curiosityNano(pic18f57q43)-SB1" pin="26" pinfunction="DF1" pintype="bidirectional+no_connect"/>
    </net>
    <net code="55" name="unconnected-(curiosityNano(pic18f57q43)-SB1-DF2-Pad27)" class="Default">
      <node ref="curiosityNano(pic18f57q43)-SB1" pin="27" pinfunction="DF2" pintype="bidirectional+no_connect"/>
    </net>
    <net code="56" name="unconnected-(curiosityNano(pic18f57q43)-SB1-GND-Pad52)" class="Default">
      <node ref="curiosityNano(pic18f57q43)-SB1" pin="52" pinfunction="GND" pintype="power_in+no_connect"/>
    </net>
    <net code="57" name="unconnected-(curiosityNano(pic18f57q43)-SB1-ID-Pad2)" class="Default">
      <node ref="curiosityNano(pic18f57q43)-SB1" pin="2" pinfunction="ID" pintype="input+no_connect"/>
    </net>
    <net code="58" name="unconnected-(curiosityNano(pic18f57q43)-SB1-NC-Pad1)" class="Default">
      <node ref="curiosityNano(pic18f57q43)-SB1" pin="1" pinfunction="NC" pintype="no_connect"/>
    </net>
    <net code="59" name="unconnected-(curiosityNano(pic18f57q43)-SB1-RA3-Pad16)" class="Default">
      <node ref="curiosityNano(pic18f57q43)-SB1" pin="16" pinfunction="RA3" pintype="bidirectional+no_connect"/>
    </net>
    <net code="60" name="unconnected-(curiosityNano(pic18f57q43)-SB1-RA4-Pad17)" class="Default">
      <node ref="curiosityNano(pic18f57q43)-SB1" pin="17" pinfunction="RA4" pintype="bidirectional+no_connect"/>
    </net>
    <net code="61" name="unconnected-(curiosityNano(pic18f57q43)-SB1-RA7-Pad50)" class="Default">
      <node ref="curiosityNano(pic18f57q43)-SB1" pin="50" pinfunction="RA7" pintype="bidirectional+no_connect"/>
    </net>
    <net code="62" name="unconnected-(curiosityNano(pic18f57q43)-SB1-RB5-Pad38)" class="Default">
      <node ref="curiosityNano(pic18f57q43)-SB1" pin="38" pinfunction="RB5" pintype="bidirectional+no_connect"/>
    </net>
    <net code="63" name="unconnected-(curiosityNano(pic18f57q43)-SB1-RC0-Pad29)" class="Default">
      <node ref="curiosityNano(pic18f57q43)-SB1" pin="29" pinfunction="RC0" pintype="bidirectional+no_connect"/>
    </net>
    <net code="64" name="unconnected-(curiosityNano(pic18f57q43)-SB1-RC1-Pad30)" class="Default">
      <node ref="curiosityNano(pic18f57q43)-SB1" pin="30" pinfunction="RC1" pintype="bidirectional+no_connect"/>
    </net>
    <net code="65" name="unconnected-(curiosityNano(pic18f57q43)-SB1-RC2-Pad7)" class="Default">
      <node ref="curiosityNano(pic18f57q43)-SB1" pin="7" pinfunction="RC2" pintype="bidirectional+no_connect"/>
    </net>
    <net code="66" name="unconnected-(curiosityNano(pic18f57q43)-SB1-RC4-Pad11)" class="Default">
      <node ref="curiosityNano(pic18f57q43)-SB1" pin="11" pinfunction="RC4" pintype="bidirectional+no_connect"/>
    </net>
    <net code="67" name="unconnected-(curiosityNano(pic18f57q43)-SB1-RC5-Pad12)" class="Default">
      <node ref="curiosityNano(pic18f57q43)-SB1" pin="12" pinfunction="RC5" pintype="bidirectional+no_connect"/>
    </net>
    <net code="68" name="unconnected-(curiosityNano(pic18f57q43)-SB1-RC6-Pad13)" class="Default">
      <node ref="curiosityNano(pic18f57q43)-SB1" pin="13" pinfunction="RC6" pintype="bidirectional+no_connect"/>
    </net>
    <net code="69" name="unconnected-(curiosityNano(pic18f57q43)-SB1-RC7-Pad19)" class="Default">
      <node ref="curiosityNano(pic18f57q43)-SB1" pin="19" pinfunction="RC7" pintype="bidirectional+no_connect"/>
    </net>
    <net code="70" name="unconnected-(curiosityNano(pic18f57q43)-SB1-RD0-Pad20)" class="Default">
      <node ref="curiosityNano(pic18f57q43)-SB1" pin="20" pinfunction="RD0" pintype="bidirectional+no_connect"/>
    </net>
    <net code="71" name="unconnected-(curiosityNano(pic18f57q43)-SB1-RD4-Pad14)" class="Default">
      <node ref="curiosityNano(pic18f57q43)-SB1" pin="14" pinfunction="RD4" pintype="bidirectional+no_connect"/>
    </net>
    <net code="72" name="unconnected-(curiosityNano(pic18f57q43)-SB1-RD5-Pad39)" class="Default">
      <node ref="curiosityNano(pic18f57q43)-SB1" pin="39" pinfunction="RD5" pintype="bidirectional+no_connect"/>
    </net>
    <net code="73" name="unconnected-(curiosityNano(pic18f57q43)-SB1-RD6-Pad40)" class="Default">
      <node ref="curiosityNano(pic18f57q43)-SB1" pin="40" pinfunction="RD6" pintype="bidirectional+no_connect"/>
    </net>
    <net code="74" name="unconnected-(curiosityNano(pic18f57q43)-SB1-RD7-Pad41)" class="Default">
      <node ref="curiosityNano(pic18f57q43)-SB1" pin="41" pinfunction="RD7" pintype="bidirectional+no_connect"/>
    </net>
    <net code="75" name="unconnected-(curiosityNano(pic18f57q43)-SB1-RE0-Pad31)" class="Default">
      <node ref="curiosityNano(pic18f57q43)-SB1" pin="31" pinfunction="RE0" pintype="bidirectional+no_connect"/>
    </net>
    <net code="76" name="unconnected-(curiosityNano(pic18f57q43)-SB1-RE1-Pad32)" class="Default">
      <node ref="curiosityNano(pic18f57q43)-SB1" pin="32" pinfunction="RE1" pintype="bidirectional+no_connect"/>
    </net>
    <net code="77" name="unconnected-(curiosityNano(pic18f57q43)-SB1-RE2-Pad18)" class="Default">
      <node ref="curiosityNano(pic18f57q43)-SB1" pin="18" pinfunction="RE2" pintype="bidirectional+no_connect"/>
    </net>
    <net code="78" name="unconnected-(curiosityNano(pic18f57q43)-SB1-RF0-Pad25)" class="Default">
      <node ref="curiosityNano(pic18f57q43)-SB1" pin="25" pinfunction="RF0" pintype="bidirectional+no_connect"/>
    </net>
    <net code="79" name="unconnected-(curiosityNano(pic18f57q43)-SB1-RF5-Pad35)" class="Default">
      <node ref="curiosityNano(pic18f57q43)-SB1" pin="35" pinfunction="RF5" pintype="bidirectional+no_connect"/>
    </net>
    <net code="80" name="unconnected-(curiosityNano(pic18f57q43)-SB1-VBUS-Pad56)" class="Default">
      <node ref="curiosityNano(pic18f57q43)-SB1" pin="56" pinfunction="VBUS" pintype="power_out+no_connect"/>
    </net>
  </nets>
</export>
